Code,GradP
15194,0.000242423
16936,0.00043