"Code","GradP"
15194,0.00024242
16936,0.00043
